Id,degree,product avg,product st.dev,reviewer avg,reviewer st.dev
AGZ8SM1BGK3CK,1,4.5,0.5,4.0,0.0
B000GFDAUG,2,4.5,0.5,4.6666665,0.47140452
A1EE2E3N7PW666,2,4.0,1.2247449,5.0,0.0
AQNPK1Q7HIAP3,2,3.3333333,1.2472191,2.5,0.5
B000GOYLNC,1,3.0,0.0,2.5,0.5
B007427XS4,2,3.5,1.5,3.75,1.299038
